Channel Id,Channel Url,Channel Title
UC-TQPfKOAH5f9vmVnGT9GPQ,http://www.youtube.com/channel/UC-TQPfKOAH5f9vmVnGT9GPQ,Aaron Watson 
UC-akozxNLMPcMcs0qVvS1VQ,http://www.youtube.com/channel/UC-akozxNLMPcMcs0qVvS1VQ,ICTP Mathematics
UC-mTIBh__DzAqW495JHXy5A,http://www.youtube.com/channel/UC-mTIBh__DzAqW495JHXy5A,The Coding Gopher
UC06HVrkOL33D5lLnCPjr6NQ,http://www.youtube.com/channel/UC06HVrkOL33D5lLnCPjr6NQ,Breaking Taps
UC0Ihuy4gj2w-AYEQXRnUdUA,http://www.youtube.com/channel/UC0Ihuy4gj2w-AYEQXRnUdUA,Mazda USA
UC0_R1WoVNwx8c7VrotuqgOw,http://www.youtube.com/channel/UC0_R1WoVNwx8c7VrotuqgOw,Rad Detail Company
UC0f-4ESCu7vIeZ0G5fk0BRQ,http://www.youtube.com/channel/UC0f-4ESCu7vIeZ0G5fk0BRQ,Rahim Hojiev
UC14D8o6lTtlnpCsF4fR-hfQ,http://www.youtube.com/channel/UC14D8o6lTtlnpCsF4fR-hfQ,Surhay
UC14p58iQ2RAg-kPVDukNB5A,http://www.youtube.com/channel/UC14p58iQ2RAg-kPVDukNB5A,Mak Gaiduk 
UC1LpsuAUaKoMzzJSEt5WImw,http://www.youtube.com/channel/UC1LpsuAUaKoMzzJSEt5WImw,Asianometry
UC1d2OjL6rCPHag0mmnXx-WA,http://www.youtube.com/channel/UC1d2OjL6rCPHag0mmnXx-WA,DIY Biotech
UC1jSZY2Dp_niY6TGodPMzxw,http://www.youtube.com/channel/UC1jSZY2Dp_niY6TGodPMzxw,Charlie Finnie
UC2EQzAewrC10KCDFSS4j-zA,http://www.youtube.com/channel/UC2EQzAewrC10KCDFSS4j-zA,Zig SHOWTIME
UC2Yayv7hngDZU_lp8FKrzsQ,http://www.youtube.com/channel/UC2Yayv7hngDZU_lp8FKrzsQ,History Piece
UC2bkHVIDjXS7sgrgjFtzOXQ,http://www.youtube.com/channel/UC2bkHVIDjXS7sgrgjFtzOXQ,engineerguy
UC2gRQKQgI3CsrcnMuHPyYsQ,http://www.youtube.com/channel/UC2gRQKQgI3CsrcnMuHPyYsQ,HumbleMechanic
UC30QJvWq_Nh3UOW7PoU1FAQ,http://www.youtube.com/channel/UC30QJvWq_Nh3UOW7PoU1FAQ,Medtech & Genetics
UC34MmQcnu0u1nQWgzd1sirw,http://www.youtube.com/channel/UC34MmQcnu0u1nQWgzd1sirw,William Gaunitz Trichologist - Hair Loss Expert
UC39GKRsNps38x7UzydcOZ9w,http://www.youtube.com/channel/UC39GKRsNps38x7UzydcOZ9w,Nielsen Networking
UC3CO7JCZVmdnBfs46vBmuMw,http://www.youtube.com/channel/UC3CO7JCZVmdnBfs46vBmuMw,blackedout01
UC3HXlUp_KQwxMlhAx6MInTg,http://www.youtube.com/channel/UC3HXlUp_KQwxMlhAx6MInTg,1ROAD
UC3VDCeZYZH7mCihtMVHqppw,http://www.youtube.com/channel/UC3VDCeZYZH7mCihtMVHqppw,Matt Brown
UC3bosUr3WlKYm4sBaLs-Adw,http://www.youtube.com/channel/UC3bosUr3WlKYm4sBaLs-Adw,CuriousMarc
UC3oFQikUb9zfZDH5PCjM0Dw,http://www.youtube.com/channel/UC3oFQikUb9zfZDH5PCjM0Dw,TheDetailer
UC3pQefJ7oA7gVXWrZ5bZwIQ,http://www.youtube.com/channel/UC3pQefJ7oA7gVXWrZ5bZwIQ,Modern Vehicle Care
UC3tFZR3eL1bDY8CqZDOQh-w,http://www.youtube.com/channel/UC3tFZR3eL1bDY8CqZDOQh-w,Ben Lambert
UC4-E9cXN68aQrk4zdFDcyyg,http://www.youtube.com/channel/UC4-E9cXN68aQrk4zdFDcyyg,Street Disclosures
UC4A5raptylCUxIKcMNanmXw,http://www.youtube.com/channel/UC4A5raptylCUxIKcMNanmXw,Prod.38
UC4Bm8UeZT8-AqjrWEQb1BwQ,http://www.youtube.com/channel/UC4Bm8UeZT8-AqjrWEQb1BwQ,GROMDA
UC4PWgTIkkv5p2shhjiXNiGg,http://www.youtube.com/channel/UC4PWgTIkkv5p2shhjiXNiGg,eFIXX
UC4QZ_LsYcvcq7qOsOhpAX4A,http://www.youtube.com/channel/UC4QZ_LsYcvcq7qOsOhpAX4A,ColdFusion
UC4VK4LX8hbTjgdAipl0cHhw,http://www.youtube.com/channel/UC4VK4LX8hbTjgdAipl0cHhw,Letters Live
UC4gEs2SNPr8GBNcdbQGnLjg,http://www.youtube.com/channel/UC4gEs2SNPr8GBNcdbQGnLjg,MDrepairs
UC4mxfI-v7T4de4vGG5FxvFw,http://www.youtube.com/channel/UC4mxfI-v7T4de4vGG5FxvFw,Making mistakes with Greg
UC52kszkc08-acFOuogFl5jw,http://www.youtube.com/channel/UC52kszkc08-acFOuogFl5jw,Tibees
UC59Cpk70K2TwdmApJOTuW9g,http://www.youtube.com/channel/UC59Cpk70K2TwdmApJOTuW9g,MEMRI TV Videos
UC5hHNks012Ca2o_MPLRUuJw,http://www.youtube.com/channel/UC5hHNks012Ca2o_MPLRUuJw,Pysource
UC6107grRI4m0o2-emgoDnAA,http://www.youtube.com/channel/UC6107grRI4m0o2-emgoDnAA,SmarterEveryDay
UC637oaA2LJMq5ApAuRC88Gw,http://www.youtube.com/channel/UC637oaA2LJMq5ApAuRC88Gw,46rdn
UC6HkBJVHW17H7Xgxpv3R2qA,http://www.youtube.com/channel/UC6HkBJVHW17H7Xgxpv3R2qA,HEMIBOYSTV
UC6Om9kAkl32dWlDSNlDS9Iw,http://www.youtube.com/channel/UC6Om9kAkl32dWlDSNlDS9Iw,DEFCONConference
UC6SNyNFTZmgCBoF3B5jxUtw,http://www.youtube.com/channel/UC6SNyNFTZmgCBoF3B5jxUtw,Mundo Flamenco (Johannes Inhoffen)
UC6bxWJulB-NMWvje7Y3k7BA,http://www.youtube.com/channel/UC6bxWJulB-NMWvje7Y3k7BA,ChaparCast
UC6mIxFTvXkWQVEHPsEdflzQ,http://www.youtube.com/channel/UC6mIxFTvXkWQVEHPsEdflzQ,GreatScott!
UC6pMzQvZHTQtxqJhO13R7gw,http://www.youtube.com/channel/UC6pMzQvZHTQtxqJhO13R7gw,Struggling Grad Student
UC6r-vq4xAlYE21p4cjKqsjw,http://www.youtube.com/channel/UC6r-vq4xAlYE21p4cjKqsjw,Green Walk
UC7F-suscQATns3qRYHpyijw,http://www.youtube.com/channel/UC7F-suscQATns3qRYHpyijw,Easy Composites Ltd
UC7I7e1iHm6mnn_GI7bG_U5Q,http://www.youtube.com/channel/UC7I7e1iHm6mnn_GI7bG_U5Q,AFFICIALSTHELABEL
UC7TEgC3UwJ2wI6m40rJOAFA,http://www.youtube.com/channel/UC7TEgC3UwJ2wI6m40rJOAFA,Analyzing Finance with Nick
UC7XJj9pv_11a11FUxCMz15g,http://www.youtube.com/channel/UC7XJj9pv_11a11FUxCMz15g,Vuk Rosić
UC8_FqvQWJfZYxcSoEJ5ob-Q,http://www.youtube.com/channel/UC8_FqvQWJfZYxcSoEJ5ob-Q,Cryptography for Everybody
UC8butISFwT-Wl7EV0hUK0BQ,http://www.youtube.com/channel/UC8butISFwT-Wl7EV0hUK0BQ,freeCodeCamp.org
UC8qP924SJaS-QSaHdhDDuAA,http://www.youtube.com/channel/UC8qP924SJaS-QSaHdhDDuAA,Athlete Kingdom
UC8wZnXYK_CGKlBcZp-GxYPA,http://www.youtube.com/channel/UC8wZnXYK_CGKlBcZp-GxYPA,NeuralNine
UC915HLtup1YtGpDj4FFMPgg,http://www.youtube.com/channel/UC915HLtup1YtGpDj4FFMPgg,Kevin Chen
UC9XjwCMWhes6R3jtOzZx50A,http://www.youtube.com/channel/UC9XjwCMWhes6R3jtOzZx50A,Alexander the ok
UC9d-xPQgzxdMBqGD69sApCw,http://www.youtube.com/channel/UC9d-xPQgzxdMBqGD69sApCw,XcellentMMA Clips
UCAD-xOOaUI6N7Uq9laOVbcw,http://www.youtube.com/channel/UCAD-xOOaUI6N7Uq9laOVbcw,Code Therapy w/ René Rebe
UCAOifU2G6uKcC3FXsbuy63w,http://www.youtube.com/channel/UCAOifU2G6uKcC3FXsbuy63w,Ji Martial Arts
UCATHzImo-n3LNfia6nhJ4SA,http://www.youtube.com/channel/UCATHzImo-n3LNfia6nhJ4SA,Jerry Lee 💡
UCATtEMiDYz2y2HdndzExmBw,http://www.youtube.com/channel/UCATtEMiDYz2y2HdndzExmBw,Hip Hop Colony
UCAdFen-6WQOxmDHK3saMD8A,http://www.youtube.com/channel/UCAdFen-6WQOxmDHK3saMD8A,Organized Crime and Corruption Reporting Project
UCAq9f7jFEA7Mtl3qOZy2h1A,http://www.youtube.com/channel/UCAq9f7jFEA7Mtl3qOZy2h1A,Data with Zach
UCB9xG1_0DAiKN0rSpY0bXrA,http://www.youtube.com/channel/UCB9xG1_0DAiKN0rSpY0bXrA,ManiakInterviews
UCBHcMCGaiJhv-ESTcWGJPcw,http://www.youtube.com/channel/UCBHcMCGaiJhv-ESTcWGJPcw,NVIDIA Developer
UCBILFOvoJ4x2bRhfSapAopA,http://www.youtube.com/channel/UCBILFOvoJ4x2bRhfSapAopA,MEDspiration
UCBNrgbEiSw18IInqo2IHjTQ,http://www.youtube.com/channel/UCBNrgbEiSw18IInqo2IHjTQ,Cyzz
UCBu0KdNokE4MqdkacvH37_A,http://www.youtube.com/channel/UCBu0KdNokE4MqdkacvH37_A,WFAA
UCCfqwRQOghDU-mlJNC7_49A,http://www.youtube.com/channel/UCCfqwRQOghDU-mlJNC7_49A,Devin Niemela
UCCwzy4U3aqvA0E11i7qTExg,http://www.youtube.com/channel/UCCwzy4U3aqvA0E11i7qTExg,Ryan Montgomery
UCDNCqs2pvtW3S-Iys-2ATMw,http://www.youtube.com/channel/UCDNCqs2pvtW3S-Iys-2ATMw,xmdi
UCDX3uPb7XZx9eISmtR5dXTQ,http://www.youtube.com/channel/UCDX3uPb7XZx9eISmtR5dXTQ,Norwegian Bass
UCE1b5iYKDZJxKiMDEvlSJzQ,http://www.youtube.com/channel/UCE1b5iYKDZJxKiMDEvlSJzQ,Dr Cameron Jones
UCE5dIscvDxrb7CD5uiJJOiw,http://www.youtube.com/channel/UCE5dIscvDxrb7CD5uiJJOiw,Adrian's Digital Basement
UCEEAv5M6iN091XFU_GFq4vw,http://www.youtube.com/channel/UCEEAv5M6iN091XFU_GFq4vw,فیلم‌های وسترن - Western Movies
UCEKt2bUDBoRUw3wpPpDOUaA,http://www.youtube.com/channel/UCEKt2bUDBoRUw3wpPpDOUaA,The Car Care Nut
UCERm5yFZ1SptUEU4wZ2vJvw,http://www.youtube.com/channel/UCERm5yFZ1SptUEU4wZ2vJvw,Jeremy Ethier
UCEbS5GE-OOsvRhn21Hw_fGQ,http://www.youtube.com/channel/UCEbS5GE-OOsvRhn21Hw_fGQ,Code Persist
UCEkkBngDzPiDaKXNwfFLCOA,http://www.youtube.com/channel/UCEkkBngDzPiDaKXNwfFLCOA,Reenactor’s cave
UCFPeP6HuRmAr_Q2Vfbxnlww,http://www.youtube.com/channel/UCFPeP6HuRmAr_Q2Vfbxnlww,MasterofRoflness
UCFZCsWrARAgYeFQEFlIYOlA,http://www.youtube.com/channel/UCFZCsWrARAgYeFQEFlIYOlA,Hosseini Ancient Ensemble - Topic
UCFzWnkoUPPJ3_B7Qlxi7aUg,http://www.youtube.com/channel/UCFzWnkoUPPJ3_B7Qlxi7aUg,trwappers
UCG-iSMVtWbbwDDXgXXypARQ,http://www.youtube.com/channel/UCG-iSMVtWbbwDDXgXXypARQ,MedCram - Medical Lectures Explained CLEARLY
UCGAueflQswR0n4Ra06U-EAg,http://www.youtube.com/channel/UCGAueflQswR0n4Ra06U-EAg,Peter Owen
UCGKEMK3s-ZPbjVOIuAV8clQ,http://www.youtube.com/channel/UCGKEMK3s-ZPbjVOIuAV8clQ,Core Dumped
UCGybO-bWZ3W6URh42sdMQiw,http://www.youtube.com/channel/UCGybO-bWZ3W6URh42sdMQiw,The Kneesovertoesguy
UCH68bRWhVDV3h9_AE87vxmg,http://www.youtube.com/channel/UCH68bRWhVDV3h9_AE87vxmg,Raab Boxing Academy 
UCHDr4RtxwA1KqKGwxgdK4Vg,http://www.youtube.com/channel/UCHDr4RtxwA1KqKGwxgdK4Vg,Computer History Museum
UCHl8nHPqf-uc9EHiza5r4hw,http://www.youtube.com/channel/UCHl8nHPqf-uc9EHiza5r4hw,Automotive Diagnosis: Cars Repair &Training Guides
UCHnyfMqiRRG1u-2MsSQLbXA,http://www.youtube.com/channel/UCHnyfMqiRRG1u-2MsSQLbXA,Veritasium
UCIOBN8cdPW6pXeBgUoTzcRQ,http://www.youtube.com/channel/UCIOBN8cdPW6pXeBgUoTzcRQ,Select Auto Dealers Corp
UCIhv19ZEDiejjvrZsakFkhg,http://www.youtube.com/channel/UCIhv19ZEDiejjvrZsakFkhg,Jalalli
UCJ0-OtVpF0wOKEqT2Z1HEtA,http://www.youtube.com/channel/UCJ0-OtVpF0wOKEqT2Z1HEtA,ElectroBOOM
UCJLLl6AraX1POemgLfhirwg,http://www.youtube.com/channel/UCJLLl6AraX1POemgLfhirwg,Bits inside by René Rebe
UCJZcek5IMLAmDDvqLAsLdng,http://www.youtube.com/channel/UCJZcek5IMLAmDDvqLAsLdng,Rawa Abdulla
UCJtFRYd2nPezvAziVVgCNRg,http://www.youtube.com/channel/UCJtFRYd2nPezvAziVVgCNRg,"Delsarte, Alexander, Masoero, You"
UCK8XIGR5kRidIw2fWqwyHRA,http://www.youtube.com/channel/UCK8XIGR5kRidIw2fWqwyHRA,Reducible
UCKVgnaxb4-dmzd48thAHipA,http://www.youtube.com/channel/UCKVgnaxb4-dmzd48thAHipA,Elite Kleanz Detailing
UCKgP38yCglM_CU_36eLUIXA,http://www.youtube.com/channel/UCKgP38yCglM_CU_36eLUIXA,Observe Foods
UCKoeXneqNktkY1ijItuKFBQ,http://www.youtube.com/channel/UCKoeXneqNktkY1ijItuKFBQ,Effortless Swimming
UCKt9AEjnQYwR0vTvLJTAvgg,http://www.youtube.com/channel/UCKt9AEjnQYwR0vTvLJTAvgg,autodoc.co.uk
UCLLpxcworT8275nBXODXyqw,http://www.youtube.com/channel/UCLLpxcworT8275nBXODXyqw,M539 Restorations
UCLMPXsvSrhNPN3i9h-u8PYg,http://www.youtube.com/channel/UCLMPXsvSrhNPN3i9h-u8PYg,Spring I/O
UCLadFapyecCYAeuTqc12avA,http://www.youtube.com/channel/UCLadFapyecCYAeuTqc12avA,Prof. Sam Vaknin
UCLmXvoiQKy-DbRQYfo0zauQ,http://www.youtube.com/channel/UCLmXvoiQKy-DbRQYfo0zauQ,Ferhat Civan
UCMB7akbrFVYXzJOc7JHMX-Q,http://www.youtube.com/channel/UCMB7akbrFVYXzJOc7JHMX-Q,MyNonLeatherLife
UCMESVJrfjNS2NU3NXPrEiWw,http://www.youtube.com/channel/UCMESVJrfjNS2NU3NXPrEiWw,PyDataBytes
UCMUy_WsUIYbM_hKR9drb9dA,http://www.youtube.com/channel/UCMUy_WsUIYbM_hKR9drb9dA,Julia Turc
UCMlGfpWw-RUdWX_JbLCukXg,http://www.youtube.com/channel/UCMlGfpWw-RUdWX_JbLCukXg,CppCon
UCMqG0kLgrRv9tODTDG12oZA,http://www.youtube.com/channel/UCMqG0kLgrRv9tODTDG12oZA,Robert Sepehr
UCNMWackoUCdkHUcn5gDk2fw,http://www.youtube.com/channel/UCNMWackoUCdkHUcn5gDk2fw,Drake Moschkau
UCNd1DIdOI2y1-SI6ar4Byjg,http://www.youtube.com/channel/UCNd1DIdOI2y1-SI6ar4Byjg,Global and National Security Institute
UCNmyH0k1SpFOCIKKncS87cg,http://www.youtube.com/channel/UCNmyH0k1SpFOCIKKncS87cg,Solving Optimization Problems
UCNpd5mjGfrQq5L9bWnOBQ_g,http://www.youtube.com/channel/UCNpd5mjGfrQq5L9bWnOBQ_g,Gearheadbryan
UCNxw9JNFsvS0QcbNnNVUG2A,http://www.youtube.com/channel/UCNxw9JNFsvS0QcbNnNVUG2A,LN Engineering
UCNzFhleZyCHPeIgmp-McMmQ,http://www.youtube.com/channel/UCNzFhleZyCHPeIgmp-McMmQ,Japan Eat
UCNzszbnvQeFzObW0ghk0Ckw,http://www.youtube.com/channel/UCNzszbnvQeFzObW0ghk0Ckw,Dave's Garage
UCO7RCW2ep2QtzYGMz6g7Uqw,http://www.youtube.com/channel/UCO7RCW2ep2QtzYGMz6g7Uqw,IRmep Stream
UCOHF79UD1z4AQiZq5nNUfEQ,http://www.youtube.com/channel/UCOHF79UD1z4AQiZq5nNUfEQ,Merkarenicus
UCOUNLVKCw86YmNewaKOSnIA,http://www.youtube.com/channel/UCOUNLVKCw86YmNewaKOSnIA,AG
UCOe2OT1vX5DASREgGJnQdzA,http://www.youtube.com/channel/UCOe2OT1vX5DASREgGJnQdzA,Horror Duck
UCOwu527B6ufdcVl8l0VYqtQ,http://www.youtube.com/channel/UCOwu527B6ufdcVl8l0VYqtQ,EntreLeadership
UCOyJD0RHtF_77_oAf5tT1nQ,http://www.youtube.com/channel/UCOyJD0RHtF_77_oAf5tT1nQ,"Computer History Archives Project  (""CHAP"")"
UCP7WmQ_U4GB3K51Od9QvM0w,http://www.youtube.com/channel/UCP7WmQ_U4GB3K51Od9QvM0w,David Bombal
UCPUjf6TfExQ-hOn51bklHcw,http://www.youtube.com/channel/UCPUjf6TfExQ-hOn51bklHcw,Mystic
UCQnVOIzzZ-r2vKWZGEvd7Zw,http://www.youtube.com/channel/UCQnVOIzzZ-r2vKWZGEvd7Zw,Sohrab Pakzad
UCR2uRTQ53V_egXKFflMMaaw,http://www.youtube.com/channel/UCR2uRTQ53V_egXKFflMMaaw,Artem Kirsanov
UCRNAgmcCfsQu8DSfM4dpGqg,http://www.youtube.com/channel/UCRNAgmcCfsQu8DSfM4dpGqg,Mohammad Fathi
UCS2b27uRzxSQX6MvjdmHGIg,http://www.youtube.com/channel/UCS2b27uRzxSQX6MvjdmHGIg,44Teeth
UCSHszLZ5dQiZsBMVm7atv6Q,http://www.youtube.com/channel/UCSHszLZ5dQiZsBMVm7atv6Q,kura kanti
UCSTHQUENuAc2UwmrlHkVGKw,http://www.youtube.com/channel/UCSTHQUENuAc2UwmrlHkVGKw,Rudi’s Electronics Lab
UCSh87zxGNu8q8iOInRK6E9w,http://www.youtube.com/channel/UCSh87zxGNu8q8iOInRK6E9w,neurotrader
UCSv_m-allVhVNKhbBsB43fQ,http://www.youtube.com/channel/UCSv_m-allVhVNKhbBsB43fQ,squeeze benz
UCSzjuRKcK5P8LJ-X2LHYZ4A,http://www.youtube.com/channel/UCSzjuRKcK5P8LJ-X2LHYZ4A,Coco Town
UCT-VzthVAM_4ohDdKa-BbXA,http://www.youtube.com/channel/UCT-VzthVAM_4ohDdKa-BbXA,Google Research
UCT1UMLpZ_CrQ_8I431K0b-g,http://www.youtube.com/channel/UCT1UMLpZ_CrQ_8I431K0b-g,"Conquer Aging Or Die Trying! Mike Lustgarten, PhD"
UCTD1s1jT5n_lfORDEaB_4VQ,http://www.youtube.com/channel/UCTD1s1jT5n_lfORDEaB_4VQ,Cyber Made Simple
UCTNZ5dpmDhw82TmPk25WbcA,http://www.youtube.com/channel/UCTNZ5dpmDhw82TmPk25WbcA,No1 Engine Carbon Clean
UCTXCRyvHbmcrPUEBqoRSxWQ,http://www.youtube.com/channel/UCTXCRyvHbmcrPUEBqoRSxWQ,Travelers
UCTeWmuOKcQqH99x6GcGMkLw,http://www.youtube.com/channel/UCTeWmuOKcQqH99x6GcGMkLw,PRECISION DENT WORKS
UCUuXc8j7Wk6xNeYtnRYvvwg,http://www.youtube.com/channel/UCUuXc8j7Wk6xNeYtnRYvvwg,DevelopAKR
UCV0t1y4h_6-2SqEpXBXgwFQ,http://www.youtube.com/channel/UCV0t1y4h_6-2SqEpXBXgwFQ,AngeTheGreat
UCV6YttN9MK_VlNKW7oPfMnA,http://www.youtube.com/channel/UCV6YttN9MK_VlNKW7oPfMnA,mr-fix
UCVC3s1g57DoBMNOk_al1CVQ,http://www.youtube.com/channel/UCVC3s1g57DoBMNOk_al1CVQ,BMW Doctor
UCVp2JlxMcDwvZcUu9KATXJg,http://www.youtube.com/channel/UCVp2JlxMcDwvZcUu9KATXJg,NumberCruncher
UCWsEcMUaBTXGxOzShguXAKg,http://www.youtube.com/channel/UCWsEcMUaBTXGxOzShguXAKg,BecomeBikeMechanic
UCX6b17PVsYBQ0ip5gyeme-Q,http://www.youtube.com/channel/UCX6b17PVsYBQ0ip5gyeme-Q,CrashCourse
UCXGJJ7L8buK_LelLH9TJmig,http://www.youtube.com/channel/UCXGJJ7L8buK_LelLH9TJmig,Auto Glass Kings
UCXK1PkWeiFdJcbwQq-ityQw,http://www.youtube.com/channel/UCXK1PkWeiFdJcbwQq-ityQw,Books & Books
UCXV-FvnEJUlfNWZduq6cARQ,http://www.youtube.com/channel/UCXV-FvnEJUlfNWZduq6cARQ,SpeakerKnockerzOfficial
UCXuqSBlHAE6Xw-yeJA0Tunw,http://www.youtube.com/channel/UCXuqSBlHAE6Xw-yeJA0Tunw,Linus Tech Tips
UCXzL31BCxf8En1KT34gSK6g,http://www.youtube.com/channel/UCXzL31BCxf8En1KT34gSK6g,sphaerophoria
UCYBSjwkGTK06NnDnFsOcR7g,http://www.youtube.com/channel/UCYBSjwkGTK06NnDnFsOcR7g,mildlyoverfitted
UCYKzcwKOa7H0Cu09ZxktkyQ,http://www.youtube.com/channel/UCYKzcwKOa7H0Cu09ZxktkyQ,Younes Angooti یونس انگوتی
UCYO_jab_esuFRV4b17AJtAw,http://www.youtube.com/channel/UCYO_jab_esuFRV4b17AJtAw,3Blue1Brown
UCYhnOpT72NQOnQPBKAbf82A,http://www.youtube.com/channel/UCYhnOpT72NQOnQPBKAbf82A,متحف صدام حسين Saddam Hussein Museum
UCZHYBNrtIrfeqQPA1aPZzNQ,http://www.youtube.com/channel/UCZHYBNrtIrfeqQPA1aPZzNQ,Pallett Band
UCZXpGFmjzYfY_oKbfMUDb4A,http://www.youtube.com/channel/UCZXpGFmjzYfY_oKbfMUDb4A,Mr Martin Shkreli
UCZpF6P1Kw8ZL03XLZh96XTw,http://www.youtube.com/channel/UCZpF6P1Kw8ZL03XLZh96XTw,"thatdtailguy - Detailing Tips, Tricks, & Reviews"
UC_0r3EheCnp-wVvndYDGviQ,http://www.youtube.com/channel/UC_0r3EheCnp-wVvndYDGviQ,Banijay Crime - Crime Documentary
UC_cz6yoWIhca0uQjdRFi_UQ,http://www.youtube.com/channel/UC_cz6yoWIhca0uQjdRFi_UQ,ThrottlePoint
UC_iD0xppBwwsrM9DegC5cQQ,http://www.youtube.com/channel/UC_iD0xppBwwsrM9DegC5cQQ,Jon Gjengset
UC_zXUmOYF3dhKcsZOMQslEA,http://www.youtube.com/channel/UC_zXUmOYF3dhKcsZOMQslEA,DinZul
UCa09am-cOsC-FSgr_nLkFFA,http://www.youtube.com/channel/UCa09am-cOsC-FSgr_nLkFFA,ZOE
UCa2YP8I1vDresL-m-4mavnQ,http://www.youtube.com/channel/UCa2YP8I1vDresL-m-4mavnQ,BadWater Bouldering
UCaPBmfh3Dx84qKsUKNd5ZLg,http://www.youtube.com/channel/UCaPBmfh3Dx84qKsUKNd5ZLg,The Underworld Podcast
UCac6m8K3OGHUT4itHwpCAmw,http://www.youtube.com/channel/UCac6m8K3OGHUT4itHwpCAmw,Lost in Time
UCalOFVbIxEAWIV5LHGkKcnw,http://www.youtube.com/channel/UCalOFVbIxEAWIV5LHGkKcnw,tokyospliff
UCbASgs1vDrKGsoemO4jrWuA,http://www.youtube.com/channel/UCbASgs1vDrKGsoemO4jrWuA,Kurtlar Vadisi Müzikleri 
UCbHJVeS0ZIco7FTTqhvDg6g,http://www.youtube.com/channel/UCbHJVeS0ZIco7FTTqhvDg6g,NanoRooms
UCbbxf_L-k4YAQdtYcPv-qpw,http://www.youtube.com/channel/UCbbxf_L-k4YAQdtYcPv-qpw,EZ Car Keyz
UCbfYPyITQ-7l4upoX8nvctg,http://www.youtube.com/channel/UCbfYPyITQ-7l4upoX8nvctg,Two Minute Papers
UCc-_7Mb5rIiJvKs_J2J6emA,http://www.youtube.com/channel/UCc-_7Mb5rIiJvKs_J2J6emA,laati looti
UCc6HinaYa8UtBdIAZ0rBw_w,http://www.youtube.com/channel/UCc6HinaYa8UtBdIAZ0rBw_w,Leetcode Profiles
UCc_g1L43W8QGvGXD-nFasVg,http://www.youtube.com/channel/UCc_g1L43W8QGvGXD-nFasVg,Cheez-It
UCciQ8wFcVoIIMi-lfu8-cjQ,http://www.youtube.com/channel/UCciQ8wFcVoIIMi-lfu8-cjQ,Anton Petrov
UCcl9a2fM4o1DaWKpr6qxbGA,http://www.youtube.com/channel/UCcl9a2fM4o1DaWKpr6qxbGA,علی اکبر ایمانی | حیات وحش سوادکوه
UCd4AS30eDAYtOxD2UpYs5Gw,http://www.youtube.com/channel/UCd4AS30eDAYtOxD2UpYs5Gw,xDevs_com
UCd5WxLFvKjEbJl5xyUqyHSw,http://www.youtube.com/channel/UCd5WxLFvKjEbJl5xyUqyHSw,Weightlifting House
UCd6i3DSCAywbnsypBhov67Q,http://www.youtube.com/channel/UCd6i3DSCAywbnsypBhov67Q,HEAD 2 TOE
UCdB4k-rFwEmSTclw7m64a3Q,http://www.youtube.com/channel/UCdB4k-rFwEmSTclw7m64a3Q,khc details
UCdBSaHWRHMQTVALwa7gs7Fg,http://www.youtube.com/channel/UCdBSaHWRHMQTVALwa7gs7Fg,Porsche Club of America
UCdPugfUD9Sd186boowG2Z1w,http://www.youtube.com/channel/UCdPugfUD9Sd186boowG2Z1w,Ross Edgley
UCeONAtqVKCS30Xn6zy1YQ_g,http://www.youtube.com/channel/UCeONAtqVKCS30Xn6zy1YQ_g,Xavier Bresson
UCeQhm8DwHBg_YEYY0KGM1GQ,http://www.youtube.com/channel/UCeQhm8DwHBg_YEYY0KGM1GQ,Tunadorable
UCeTagg7gemi1jhFKhY6gcNw,http://www.youtube.com/channel/UCeTagg7gemi1jhFKhY6gcNw,JR Garage
UCezOhPRojzE_Du7XQodCKxQ,http://www.youtube.com/channel/UCezOhPRojzE_Du7XQodCKxQ,Ziroth
UCf98WFQLzORUfCinbycwXXQ,http://www.youtube.com/channel/UCf98WFQLzORUfCinbycwXXQ,Play with Junk
UCfCKvREB11-fxyotS1ONgww,http://www.youtube.com/channel/UCfCKvREB11-fxyotS1ONgww,Mark Felton Productions
UCfEu4UobOk3m1nIAvsCNFsg,http://www.youtube.com/channel/UCfEu4UobOk3m1nIAvsCNFsg,NUFDI
UCfOvNb3xj28SNqPQ_JIbumg,http://www.youtube.com/channel/UCfOvNb3xj28SNqPQ_JIbumg,Discover AI
UCfXUqFrOLphS3gTrhxRTogA,http://www.youtube.com/channel/UCfXUqFrOLphS3gTrhxRTogA,Rob VK8FOES
UCfjCe778uikFX4SFaMf9_MQ,http://www.youtube.com/channel/UCfjCe778uikFX4SFaMf9_MQ,The Stoic Spirit
UCfm63L5SnF9t_Zgfvc7f4FA,http://www.youtube.com/channel/UCfm63L5SnF9t_Zgfvc7f4FA,KVP FORUM
UCfsznjef2zGJnrCRQBXqo6Q,http://www.youtube.com/channel/UCfsznjef2zGJnrCRQBXqo6Q,Machine Thinking
UCfzlCWGWYyIQ0aLC5w48gBQ,http://www.youtube.com/channel/UCfzlCWGWYyIQ0aLC5w48gBQ,sentdex
UCgBg0aacyJnw4qUnb1FlfEQ,http://www.youtube.com/channel/UCgBg0aacyJnw4qUnb1FlfEQ,Institute of Human Anatomy
UCgBncpylJ1kiVaPyP-PZauQ,http://www.youtube.com/channel/UCgBncpylJ1kiVaPyP-PZauQ,Serrano.Academy
UCgCq_mJe3RwCCirAi3mSfuA,http://www.youtube.com/channel/UCgCq_mJe3RwCCirAi3mSfuA,FILMSCHATZARCHIV
UCgQGOekaeDUCLbKvDXjGrhg,http://www.youtube.com/channel/UCgQGOekaeDUCLbKvDXjGrhg,장.수.일기(장거리수영) by 슈퍼쌍리
UCgUxdfi_5-m67UDbrgcAFBg,http://www.youtube.com/channel/UCgUxdfi_5-m67UDbrgcAFBg,Coding Jesus
UCgdHSFcXvkN6O3NXvif0-pA,http://www.youtube.com/channel/UCgdHSFcXvkN6O3NXvif0-pA,MATLAB
UCgfe2ooZD3VJPB6aJAnuQng,http://www.youtube.com/channel/UCgfe2ooZD3VJPB6aJAnuQng,bycloud
UCiA3B0zCfaziTpOF3umKxjQ,http://www.youtube.com/channel/UCiA3B0zCfaziTpOF3umKxjQ,HUNT-x-POINT
UCiO0K2xt5irIN6x13FNzYTg,http://www.youtube.com/channel/UCiO0K2xt5irIN6x13FNzYTg,Data Slayer
UCiaQzXI5528Il6r2NNkrkJA,http://www.youtube.com/channel/UCiaQzXI5528Il6r2NNkrkJA,Digital Spaceport
UCib_wzwTftZZ6NM7ZY5RVaw,http://www.youtube.com/channel/UCib_wzwTftZZ6NM7ZY5RVaw,Huntr Auto Care
UCjQEZtSy44J7pE3eQ_2QHXA,http://www.youtube.com/channel/UCjQEZtSy44J7pE3eQ_2QHXA,Mick Drives Cars
UCjndH_0yCzfM-D0nkklhFLQ,http://www.youtube.com/channel/UCjndH_0yCzfM-D0nkklhFLQ,Silk Road - Asian History Documentaries
UCkWQ0gDrqOCarmUKmppD7GQ,http://www.youtube.com/channel/UCkWQ0gDrqOCarmUKmppD7GQ,JayzTwoCents
UCkb9jgRxR2D5bc1fSDofwtA,http://www.youtube.com/channel/UCkb9jgRxR2D5bc1fSDofwtA,E3 Rehab
UCkwBmrgwtoaaXZSilir6qsg,http://www.youtube.com/channel/UCkwBmrgwtoaaXZSilir6qsg,JayEmm on Cars
UCkyHL2ZPgw9D4GOcPQq6Uzw,http://www.youtube.com/channel/UCkyHL2ZPgw9D4GOcPQq6Uzw,ProjectsInFlight
UCl2mFZoRqjw_ELax4Yisf6w,http://www.youtube.com/channel/UCl2mFZoRqjw_ELax4Yisf6w,Louis Rossmann
UCl7NA-PqHS2E0F29I6wJIXA,http://www.youtube.com/channel/UCl7NA-PqHS2E0F29I6wJIXA,Joseph Suarez
UClJ_IzGMmJ9JzMIS3rkZRng,http://www.youtube.com/channel/UClJ_IzGMmJ9JzMIS3rkZRng,Sire Pândâh
UClgRkhTL3_hImCAmdLfDE4g,http://www.youtube.com/channel/UClgRkhTL3_hImCAmdLfDE4g,YouTube Movies
UClgcB6FpGQ-7udtz2dPfJTQ,http://www.youtube.com/channel/UClgcB6FpGQ-7udtz2dPfJTQ,Jeija
UClyv0ZpZTPKirBJEeM3zsHQ,http://www.youtube.com/channel/UClyv0ZpZTPKirBJEeM3zsHQ,V. Hunter Adams
UCmFp3gyBXLirYZRCfDh6PjQ,http://www.youtube.com/channel/UCmFp3gyBXLirYZRCfDh6PjQ,Thizzler On The Roof
UCmNSSliNq-oP91tkOuvS6dw,http://www.youtube.com/channel/UCmNSSliNq-oP91tkOuvS6dw,Dr. Neera Nathan
UCmQyhiI6gueNHlheQs084HQ,http://www.youtube.com/channel/UCmQyhiI6gueNHlheQs084HQ,Nightly Network News Archives
UCmT0p9Lm6FHgOXzlD-QuHrA,http://www.youtube.com/channel/UCmT0p9Lm6FHgOXzlD-QuHrA,AutoFormation
UCn4A4ctXHeUHk0_VrDRLosw,http://www.youtube.com/channel/UCn4A4ctXHeUHk0_VrDRLosw,Turf Politics
UCnDp5TqEh9ut3vL2F962igg,http://www.youtube.com/channel/UCnDp5TqEh9ut3vL2F962igg,Quantum Photonics Club
UCnK9x-4e_BBOX5CRP1MBfiQ,http://www.youtube.com/channel/UCnK9x-4e_BBOX5CRP1MBfiQ,Professor Hamamoto
UCnlvhYDQLq4d_C3JYEVnWAQ,http://www.youtube.com/channel/UCnlvhYDQLq4d_C3JYEVnWAQ,QOVES Studio
UCo_tGsrIchrnaiMepAQQUWg,http://www.youtube.com/channel/UCo_tGsrIchrnaiMepAQQUWg,KamitaniLab
UCodNb27R722ti0gTRhjsGEQ,http://www.youtube.com/channel/UCodNb27R722ti0gTRhjsGEQ,Mr Lopez
UCogs6QwZUwVepuxQqdLVBHQ,http://www.youtube.com/channel/UCogs6QwZUwVepuxQqdLVBHQ,The Vps Maker
UCohzpQ-9LFluVKoF4Bj7lyg,http://www.youtube.com/channel/UCohzpQ-9LFluVKoF4Bj7lyg,SLICE Experts
UComX9z3m4mZB48qDOm3Rqrg,http://www.youtube.com/channel/UComX9z3m4mZB48qDOm3Rqrg,Ömer Balık
UCoo0Bg4KMLADhe8M96fpWYQ,http://www.youtube.com/channel/UCoo0Bg4KMLADhe8M96fpWYQ,Motor Explorer
UCosnWgi3eorc1klEQ8pIgJQ,http://www.youtube.com/channel/UCosnWgi3eorc1klEQ8pIgJQ,Afrotechmods
UCoyNuc5bJ-z4X-6OlpNtJUw,http://www.youtube.com/channel/UCoyNuc5bJ-z4X-6OlpNtJUw,Make Me Hack
UCpOJZSocCYp9ufh9qF5W5vQ,http://www.youtube.com/channel/UCpOJZSocCYp9ufh9qF5W5vQ,Cursed Controls
UCpQs_warGhUzJhBdwLfF34g,http://www.youtube.com/channel/UCpQs_warGhUzJhBdwLfF34g,北海道ニュースUHB
UCpUAp8m92gecvW8EyV3fLCA,http://www.youtube.com/channel/UCpUAp8m92gecvW8EyV3fLCA,LucasGitanoFamily
UCpcvPcHJVOkO9Qp79BOagTg,http://www.youtube.com/channel/UCpcvPcHJVOkO9Qp79BOagTg,Dr Brad Stanfield
UCpejL4mTlUJ_hfQY1PiCW6Q,http://www.youtube.com/channel/UCpejL4mTlUJ_hfQY1PiCW6Q,Dogumentary TV
UCq2a2B38dTDMKW7rgDf0LIA,http://www.youtube.com/channel/UCq2a2B38dTDMKW7rgDf0LIA,Aga Khan Music Programme
UCqD7wgVS7jjJcJ8u0W9tt-Q,http://www.youtube.com/channel/UCqD7wgVS7jjJcJ8u0W9tt-Q,DimpleVideo
UCqNzk3-sva7UmoJ_AhijYrw,http://www.youtube.com/channel/UCqNzk3-sva7UmoJ_AhijYrw,Mover's Odyssey
UCqRw89SMwSMJ7xl2D9Svrsw,http://www.youtube.com/channel/UCqRw89SMwSMJ7xl2D9Svrsw,CarHax Shorts
UCqYRkSQI2FKjdcq8uh2i6zA,http://www.youtube.com/channel/UCqYRkSQI2FKjdcq8uh2i6zA,The Triumph of Asha Over Druj
UCqnFo90nZIcOxbfMekqnKiQ,http://www.youtube.com/channel/UCqnFo90nZIcOxbfMekqnKiQ,JUCA
UCqp_qM_Kfz7vD9qcK_W4hXQ,http://www.youtube.com/channel/UCqp_qM_Kfz7vD9qcK_W4hXQ,McKillans
UCr4Lt47NmbUjtf-BuBSMcAQ,http://www.youtube.com/channel/UCr4Lt47NmbUjtf-BuBSMcAQ,Ömer Bükülmezoğlu
UCr7lmzIk63PZnBw3bezl-Mg,http://www.youtube.com/channel/UCr7lmzIk63PZnBw3bezl-Mg,The Math Sorcerer
UCrYG40Fra4LTibEYC-QloPw,http://www.youtube.com/channel/UCrYG40Fra4LTibEYC-QloPw,ill Will
UCrlZs71h3mTR45FgQNINfrg,http://www.youtube.com/channel/UCrlZs71h3mTR45FgQNINfrg,Mathemaniac
UCrn9HkH3trWYpxzlW9l8eSg,http://www.youtube.com/channel/UCrn9HkH3trWYpxzlW9l8eSg,EpsilonDelta
UCrqM0Ym_NbK1fqeQG2VIohg,http://www.youtube.com/channel/UCrqM0Ym_NbK1fqeQG2VIohg,Tsoding Daily
UCsArRWQNGOhFAzLpKjowJ0g,http://www.youtube.com/channel/UCsArRWQNGOhFAzLpKjowJ0g,Keon's Lab
UCsMhB-sQSo47yuofjSzlSoA,http://www.youtube.com/channel/UCsMhB-sQSo47yuofjSzlSoA,Infamous Icons
UCsQdFIjpmnO0SGftGQEqVLg,http://www.youtube.com/channel/UCsQdFIjpmnO0SGftGQEqVLg,Mechanic Base
UCshVweYiHqrepiq6b8tWvLQ,http://www.youtube.com/channel/UCshVweYiHqrepiq6b8tWvLQ,Janus Cycle
UCsixIZItBmOTOoLEUdNTdmw,http://www.youtube.com/channel/UCsixIZItBmOTOoLEUdNTdmw,گردشگری خیابانی
UCsmFBPi8RMf003MrVShlRnw,http://www.youtube.com/channel/UCsmFBPi8RMf003MrVShlRnw,Brendon O'Connell 
UCt0ArHe_-CKAr1So3IEwmsA,http://www.youtube.com/channel/UCt0ArHe_-CKAr1So3IEwmsA,CaptiveAire
UCtAcpQcYerN8xxZJYTfWBMw,http://www.youtube.com/channel/UCtAcpQcYerN8xxZJYTfWBMw,Umar Jamil
UCtKkHPvknc1PCTC75kidrDA,http://www.youtube.com/channel/UCtKkHPvknc1PCTC75kidrDA,Ancestralbrew
UCteRPiisgIoHtMgqHegpWAQ,http://www.youtube.com/channel/UCteRPiisgIoHtMgqHegpWAQ,Sundas Khalid
UCtfGM6iHFzjbpPIKoTABR2A,http://www.youtube.com/channel/UCtfGM6iHFzjbpPIKoTABR2A,Opteran
UCtfYdcn8F8wfRA2BXp2FPtg,http://www.youtube.com/channel/UCtfYdcn8F8wfRA2BXp2FPtg,MrDIY
UCtn2hU9HKYQAgDtwrhux7Sw,http://www.youtube.com/channel/UCtn2hU9HKYQAgDtwrhux7Sw,Samcrac
UCtpN-omvpNOOF-muMs2PRXw,http://www.youtube.com/channel/UCtpN-omvpNOOF-muMs2PRXw,Did You Eat Yet?
UCtr07mdKhsUwVJjL8Kw_q5A,http://www.youtube.com/channel/UCtr07mdKhsUwVJjL8Kw_q5A,WeberAuto
UCts_dlAHuIdP81DBkqfW_OA,http://www.youtube.com/channel/UCts_dlAHuIdP81DBkqfW_OA,Haniehkitchen
UCttMga1SHNmuljiqOSfWlhQ,http://www.youtube.com/channel/UCttMga1SHNmuljiqOSfWlhQ,Jadi
UCuIUshnWOUD-a4d5Z54kj8A,http://www.youtube.com/channel/UCuIUshnWOUD-a4d5Z54kj8A,Absolute Terry Davis
UCuMyjTVlkM4xZ5z_eSyoB1w,http://www.youtube.com/channel/UCuMyjTVlkM4xZ5z_eSyoB1w,Taddy Digest
UCune493q6fu9nLH_JkwOUhw,http://www.youtube.com/channel/UCune493q6fu9nLH_JkwOUhw,Diffraction Limited
UCuyfszBAd3gUt9vAbC1dfqA,http://www.youtube.com/channel/UCuyfszBAd3gUt9vAbC1dfqA,Avery Smith | Data Analyst
UCv0nF8zWevEsSVcmz6mlw6A,http://www.youtube.com/channel/UCv0nF8zWevEsSVcmz6mlw6A,vcubingx
UCv3QuwWh9cZg_URNZiO-S2g,http://www.youtube.com/channel/UCv3QuwWh9cZg_URNZiO-S2g,QuirkyQuanta
UCvpR-lEEmouOkrKcNBjG3Kg,http://www.youtube.com/channel/UCvpR-lEEmouOkrKcNBjG3Kg,الشمري FM
UCvq3YadD2uIFb7cFLbTtmFw,http://www.youtube.com/channel/UCvq3YadD2uIFb7cFLbTtmFw,Tales of the American Empire
UCw017ruAqiT1_yFqY0FFvPA,http://www.youtube.com/channel/UCw017ruAqiT1_yFqY0FFvPA,Luciano Ghosn
UCw_qUv-RzkQnGw9jeVSidMg,http://www.youtube.com/channel/UCw_qUv-RzkQnGw9jeVSidMg,Crime Lords Exposed
UCwgKmJM4ZJQRJ-U5NjvR2dg,http://www.youtube.com/channel/UCwgKmJM4ZJQRJ-U5NjvR2dg,george hotz archive
UCwiKHTegfDe33K5wnmyULog,http://www.youtube.com/channel/UCwiKHTegfDe33K5wnmyULog,Gadget Reboot
UCwlvSJdcMc7iGdR-aducSog,http://www.youtube.com/channel/UCwlvSJdcMc7iGdR-aducSog,Geopolitical Economy Report
UCwnKziETDbHJtx78nIkfYug,http://www.youtube.com/channel/UCwnKziETDbHJtx78nIkfYug,CaspianReport
UCx6kBc-lI6YxtpwQCYwFFig,http://www.youtube.com/channel/UCx6kBc-lI6YxtpwQCYwFFig,Gabriel Torch
UCxPJyX0oQWmqZ5akbuN5DTg,http://www.youtube.com/channel/UCxPJyX0oQWmqZ5akbuN5DTg,CIVILNET
UCxRSpkGOH_09pxKvgD8S5jQ,http://www.youtube.com/channel/UCxRSpkGOH_09pxKvgD8S5jQ,Study of Antiquity and the Middle Ages
UCxTvi9sgL7O-5IcOMRSLz7Q,http://www.youtube.com/channel/UCxTvi9sgL7O-5IcOMRSLz7Q,Crown Rick Auto
UCxelJIiHJoGR270g8FqtfJA,http://www.youtube.com/channel/UCxelJIiHJoGR270g8FqtfJA,TPM - Top Persian Movies
UCxvdwYZ_2RS62jrnb4Ck3Ig,http://www.youtube.com/channel/UCxvdwYZ_2RS62jrnb4Ck3Ig,Amateur Hardware Repair
UCyPYQTT20IgzVw92LDvtClw,http://www.youtube.com/channel/UCyPYQTT20IgzVw92LDvtClw,Squat University
UCzCsyvyrq38R6TnztEzOmgg,http://www.youtube.com/channel/UCzCsyvyrq38R6TnztEzOmgg,ByteMonk
UCzt07xI0FTR1FKBuh8zKtRQ,http://www.youtube.com/channel/UCzt07xI0FTR1FKBuh8zKtRQ,M.Y Auto Service
UCzznO4xSV8BKnUBPyswtCUw,http://www.youtube.com/channel/UCzznO4xSV8BKnUBPyswtCUw,Arirang News





